protocol,run,remote_ip,http_version,http_code,time_namelookup,time_connect,time_appconnect,time_starttransfer,time_total,exitcode,errormsg
http2,1,162.159.140.245,2,401,0.002889,0.011843,0.025210,1.821188,1.821407,0,
http2,2,162.159.140.245,2,401,0.002679,0.013370,0.026366,0.149873,0.150116,0,
http2,3,162.159.140.245,2,401,0.002786,0.012634,0.025708,0.109679,0.109741,0,
http2,4,162.159.140.245,2,401,0.002740,0.011221,0.023667,0.120515,0.120789,0,
http2,5,162.159.140.245,2,401,0.002340,0.011926,0.025810,0.181067,0.181478,0,
http1.1,1,162.159.140.245,1.1,401,0.003025,0.012150,0.025119,0.099710,0.099987,0,
http1.1,2,162.159.140.245,1.1,401,0.002914,0.011358,0.031816,0.119049,0.119270,0,
http1.1,3,162.159.140.245,1.1,401,0.002708,0.010856,0.024226,0.181090,0.181370,0,
http1.1,4,162.159.140.245,1.1,401,0.002552,0.011317,0.025322,0.096759,0.096964,0,
http1.1,5,162.159.140.245,1.1,401,0.002579,0.011145,0.024412,0.103647,0.103920,0,
http3,1,162.159.140.245,3,401,0.002474,0.017073,0.021356,0.105617,0.106089,0,
http3,2,162.159.140.245,3,401,0.002514,0.004556,0.075676,0.149015,0.149424,0,
http3,3,162.159.140.245,3,401,0.002594,0.016040,0.017393,0.090354,0.090587,0,
http3,4,162.159.140.245,3,401,0.002671,0.015234,0.016593,0.094174,0.094492,0,
http3,5,162.159.140.245,3,401,0.002676,0.015568,0.016870,0.152807,0.153120,0,
