protocol,run,remote_ip,http_version,http_code,time_namelookup,time_connect,time_appconnect,time_starttransfer,time_total,exitcode,errormsg
http2,1,162.159.140.245,2,401,0.002593,0.010769,0.024464,0.094425,0.094533,0,
http2,2,162.159.140.245,2,401,0.002743,0.010841,0.024174,0.095584,0.095871,0,
http2,3,162.159.140.245,2,401,0.002692,0.009973,0.024148,0.110923,0.111027,0,
http2,4,162.159.140.245,2,401,0.002308,0.010151,0.023102,0.118068,0.118139,0,
http2,5,162.159.140.245,2,401,0.002567,0.010578,0.027246,0.106025,0.106112,0,
http1.1,1,162.159.140.245,1.1,401,0.002294,0.010479,0.024121,0.420170,0.422891,0,
http1.1,2,162.159.140.245,1.1,401,0.002686,0.010988,0.023638,0.104557,0.104614,0,
http1.1,3,162.159.140.245,1.1,401,0.002723,0.011408,0.023980,0.124638,0.124690,0,
http1.1,4,162.159.140.245,1.1,401,0.002643,0.010051,0.022511,0.183709,0.183793,0,
http1.1,5,162.159.140.245,1.1,401,0.002948,0.011264,0.024465,0.094525,0.094600,0,
http3,1,162.159.140.245,3,401,0.002577,0.013726,0.015374,0.136808,0.136959,0,
http3,2,162.159.140.245,3,401,0.002345,0.003425,0.015782,0.086322,0.086430,0,
http3,3,162.159.140.245,3,401,0.002511,0.014035,0.016358,0.140561,0.140642,0,
http3,4,162.159.140.245,3,401,0.002698,0.014306,0.016912,0.105405,0.105492,0,
http3,5,162.159.140.245,3,401,0.002079,0.015281,0.016453,0.091681,0.091770,0,
