protocol,run,remote_ip,http_version,http_code,time_namelookup,time_connect,time_appconnect,time_starttransfer,time_total,exitcode,errormsg
http2,1,162.159.140.245,2,401,0.006260,0.013823,0.026868,0.133271,0.133446,0,
http2,2,162.159.140.245,2,401,0.002485,0.010517,0.024286,0.103971,0.104054,0,
http2,3,162.159.140.245,2,401,0.002670,0.011276,0.025298,0.103077,0.103190,0,
http2,4,162.159.140.245,2,401,0.002451,0.010386,0.023798,0.091062,0.091187,0,
http2,5,162.159.140.245,2,401,0.002635,0.010488,0.024218,0.145443,0.145560,0,
http1.1,1,162.159.140.245,1.1,401,0.002402,0.010750,0.024927,0.105937,0.106020,0,
http1.1,2,162.159.140.245,1.1,401,0.002925,0.011141,0.025395,0.100377,0.100485,0,
http1.1,3,162.159.140.245,1.1,401,0.002899,0.011087,0.025795,0.091680,0.091791,0,
http1.1,4,162.159.140.245,1.1,401,0.002507,0.010390,0.023968,0.143333,0.143396,0,
http1.1,5,162.159.140.245,1.1,401,0.004487,0.013626,0.027870,0.099189,0.099307,0,
http3,1,162.159.140.245,3,401,0.002596,0.014764,0.016097,0.089001,0.089095,0,
http3,2,162.159.140.245,3,401,0.002912,0.003909,0.016395,0.087348,0.087499,0,
http3,3,162.159.140.245,3,401,0.003062,0.015722,0.017311,0.159149,0.159301,0,
http3,4,162.159.140.245,3,401,0.003048,0.015163,0.017508,0.092988,0.093076,0,
http3,5,162.159.140.245,3,401,0.002497,0.014693,0.015939,0.093815,0.093959,0,
