protocol,run,remote_ip,http_version,http_code,time_namelookup,time_connect,time_appconnect,time_starttransfer,time_total,exitcode,errormsg
http2,1,162.159.140.245,2,401,0.005685,0.013298,0.029590,0.103641,0.103713,0,
http2,2,162.159.140.245,2,401,0.002631,0.010831,0.024480,0.138104,0.138186,0,
http2,3,162.159.140.245,2,401,0.002381,0.010013,0.023287,10.465252,10.465344,0,
http2,4,162.159.140.245,2,401,0.002530,0.009791,0.022811,0.097216,0.097306,0,
http2,5,162.159.140.245,2,401,0.002608,0.010024,0.022662,0.090988,0.091088,0,
http1.1,1,162.159.140.245,1.1,401,0.003215,0.010713,0.023839,0.099678,0.099729,0,
http1.1,2,162.159.140.245,1.1,401,0.002524,0.010583,0.025984,0.156261,0.156325,0,
http1.1,3,162.159.140.245,1.1,401,0.002504,0.010579,0.023550,0.093422,0.093520,0,
http1.1,4,162.159.140.245,1.1,401,0.002555,0.010439,0.023495,0.088430,0.088510,0,
http1.1,5,162.159.140.245,1.1,401,0.002499,0.010094,0.022776,0.093266,0.093362,0,
http3,1,162.159.140.245,3,401,0.002548,0.003666,0.016692,0.167666,0.167827,0,
http3,2,162.159.140.245,3,401,0.002394,0.014020,0.015353,0.126750,0.126901,0,
http3,3,162.159.140.245,3,401,0.002227,0.013950,0.015122,0.088241,0.088330,0,
http3,4,162.159.140.245,3,401,0.002430,0.014386,0.015704,0.086037,0.086151,0,
http3,5,162.159.140.245,3,401,0.002457,0.014217,0.017976,0.139830,0.139911,0,
