protocol,run,remote_ip,http_version,http_code,time_namelookup,time_connect,time_appconnect,time_starttransfer,time_total,exitcode,errormsg
http2,1,162.159.140.245,2,401,0.002037,0.009383,0.022340,0.101044,0.101126,0,
http2,2,162.159.140.245,2,401,0.002150,0.009132,0.023331,0.097850,0.097925,0,
http2,3,162.159.140.245,2,401,0.002331,0.092272,0.111551,0.180973,0.181074,0,
http2,4,162.159.140.245,2,401,0.005653,0.014020,0.029749,0.104116,0.104206,0,
http2,5,162.159.140.245,2,401,0.003183,0.010960,0.025368,0.105290,0.105371,0,
http1.1,1,162.159.140.245,1.1,401,0.002925,0.010474,0.024430,0.141303,0.141364,0,
http1.1,2,162.159.140.245,1.1,401,0.002637,0.010274,0.024470,0.105091,0.105142,0,
http1.1,3,162.159.140.245,1.1,401,0.002403,0.010318,0.024482,0.094435,0.094491,0,
http1.1,4,162.159.140.245,1.1,401,0.002404,0.010176,0.024666,0.093625,0.093670,0,
http1.1,5,162.159.140.245,1.1,401,0.002299,0.010636,0.025506,0.134514,0.134578,0,
http3,1,162.159.140.245,3,401,0.004146,0.019630,0.020930,0.100008,0.100089,0,
http3,2,162.159.140.245,3,401,0.003840,0.018175,0.019403,0.093810,0.093897,0,
http3,3,162.159.140.245,3,401,0.003870,0.018524,0.019745,0.088758,0.088838,0,
http3,4,162.159.140.245,3,401,0.003445,0.017586,0.018819,0.134071,0.134196,0,
http3,5,162.159.140.245,3,401,0.002305,0.016242,0.017432,0.087760,0.087844,0,
