protocol,run,remote_ip,http_version,http_code,time_namelookup,time_connect,time_appconnect,time_starttransfer,time_total,exitcode,errormsg
http2,1,162.159.140.245,2,401,0.002116,0.009551,0.021869,0.091181,0.091252,0,
http2,2,162.159.140.245,2,401,0.002375,0.094322,0.110516,0.175609,0.175712,0,
http2,3,162.159.140.245,2,401,0.002293,0.011277,0.024312,0.120287,0.120374,0,
http2,4,162.159.140.245,2,401,0.002609,0.010628,0.023346,0.099906,0.099969,0,
http2,5,162.159.140.245,2,401,0.002513,0.011175,0.023336,0.117434,0.117552,0,
http1.1,1,162.159.140.245,1.1,401,0.002209,0.009217,0.022135,0.091203,0.091241,0,
http1.1,2,162.159.140.245,1.1,401,0.002478,0.010465,0.023132,0.095659,0.095714,0,
http1.1,3,162.159.140.245,1.1,401,0.002372,0.009240,0.022863,0.098331,0.098402,0,
http1.1,4,162.159.140.245,1.1,401,0.002535,0.097675,0.114815,0.184838,0.184934,0,
http1.1,5,162.159.140.245,1.1,401,0.002572,0.010241,0.024019,0.099112,0.099205,0,
http3,1,162.159.140.245,3,401,0.002812,0.014748,0.016303,0.099407,0.099538,0,
http3,2,162.159.140.245,3,401,0.003495,0.016248,0.017483,0.124149,0.124275,0,
http3,3,162.159.140.245,3,401,0.002673,0.014018,0.016305,0.099011,0.099130,0,
http3,4,162.159.140.245,3,401,0.002480,0.014325,0.015843,0.092350,0.092475,0,
http3,5,162.159.140.245,3,401,0.002800,0.014511,0.017497,0.090452,0.090563,0,
